# ************************************************************
# Sequel Pro SQL dump
# Version 4096
#
# http://www.sequelpro.com/
# http://code.google.com/p/sequel-pro/
#
# Host: 127.0.0.1 (MySQL 5.6.21)
# Database: ergonolist_db
# Generation Time: 2015-05-21 21:00:16 +0000
# ************************************************************


/*!40101 SET @OLD_CHARACTER_SET_CLIENT=@@CHARACTER_SET_CLIENT */;
/*!40101 SET @OLD_CHARACTER_SET_RESULTS=@@CHARACTER_SET_RESULTS */;
/*!40101 SET @OLD_COLLATION_CONNECTION=@@COLLATION_CONNECTION */;
/*!40101 SET NAMES utf8 */;
/*!40014 SET @OLD_FOREIGN_KEY_CHECKS=@@FOREIGN_KEY_CHECKS, FOREIGN_KEY_CHECKS=0 */;
/*!40101 SET @OLD_SQL_MODE=@@SQL_MODE, SQL_MODE='NO_AUTO_VALUE_ON_ZERO' */;
/*!40111 SET @OLD_SQL_NOTES=@@SQL_NOTES, SQL_NOTES=0 */;


# Dump of table checklist
# ------------------------------------------------------------

DROP TABLE IF EXISTS `checklist`;

CREATE TABLE `checklist` (
  `CHK_ID` int(11) NOT NULL AUTO_INCREMENT,
  `CHK_URL` text NOT NULL,
  `CHK_STS` enum('on','off') NOT NULL DEFAULT 'on',
  PRIMARY KEY (`CHK_ID`),
  UNIQUE KEY `CHK_ID_UNIQUE` (`CHK_ID`)
) ENGINE=InnoDB DEFAULT CHARSET=utf8;

LOCK TABLES `checklist` WRITE;
/*!40000 ALTER TABLE `checklist` DISABLE KEYS */;

INSERT INTO `checklist` (`CHK_ID`, `CHK_URL`, `CHK_STS`)
VALUES
	(1,'http://www.centauro.com.br','on'),
	(2,'http://www.waz.com.br/','on');

/*!40000 ALTER TABLE `checklist` ENABLE KEYS */;
UNLOCK TABLES;


# Dump of table criterio
# ------------------------------------------------------------

DROP TABLE IF EXISTS `criterio`;

CREATE TABLE `criterio` (
  `CRI_ID` int(11) NOT NULL AUTO_INCREMENT,
  `CRI_NOM` varchar(45) NOT NULL,
  `CRI_DSC` text NOT NULL,
  `CRI_CON` text,
  `CRI_ORD` int(11) NOT NULL,
  `CRI_STS` enum('on','off') NOT NULL DEFAULT 'on',
  PRIMARY KEY (`CRI_ID`),
  UNIQUE KEY `CAT_ID_UNIQUE` (`CRI_ID`)
) ENGINE=InnoDB DEFAULT CHARSET=utf8;

LOCK TABLES `criterio` WRITE;
/*!40000 ALTER TABLE `criterio` DISABLE KEYS */;

INSERT INTO `criterio` (`CRI_ID`, `CRI_NOM`, `CRI_DSC`, `CRI_CON`, `CRI_ORD`, `CRI_STS`)
VALUES
	(1,'Presteza','Verifique se o sistema informa e conduz o usuário durante a interação.','Esse critério engloba os meios utilizados para levar o usuário a realizar determinadas ações, como, por exemplo, entrada de dados. Esse critério engloba também todos os mecanismos ou meios que permitem ao usuário conhecer as alternativas, em termos de ações, conforme o estado ou contexto nos quais ele se encontra. A presteza diz respeito igualmente às informações que permitem ao usuário identificar o estado ou contexto no qual ele se encontra, bem como as ferramentas de ajuda e seu modo de acesso.',1,'on'),
	(2,'Agrupamento por localização','Verifique se a distribuição espacial dos itens traduz as relações entre as informações.','O critério de Agrupamento/Distinção por Localização diz respeito ao posicionamento relativo dos itens, estabelecido para indicar se eles pertencem ou não a uma dada classe, ou, ainda, para indicar diferenças entre classes. Esse critério também diz respeito ao posicionamento relativo dos itens dentro de uma classe.',2,'on'),
	(3,'Agrupamento por formato','Verifique os formatos dos itens como meio de transmitir associações e diferenças.','O critério de Agrupamento/Distinção por Formato diz respeito mais especificamente às características gráficas (formato, cor, etc.) que indicam se itens pertencem ou não a uma dada classe, ou que indicam ainda distinções entre classes diferentes ou distinções entre itens de uma dada classe.',3,'on'),
	(4,'Feedback','Avalie a qualidade do feedback imediato às ações do usuário.','O Feedback Imediato diz respeito às respostas do sistema às ações do usuário. Tais entradas podem ir do simples pressionar de uma tecla até uma lista de comandos. Em todos os casos, respostas do computador devem ser fornecidas, de forma rápida, com passo (timing) apropriado e consistente para cada tipo de transação. De todo modo, uma resposta rápida deve ser fornecida com informações sobre a transação solicitada e seu resultado.',4,'on'),
	(5,'Legibilidade','Verifique a legibilidade das informações apresentadas nas telas do sistema.','A Legibilidade diz respeito às características lexicais das informações apresentadas na tela que possam dificultar ou facilitar a leitura dessa informação (brilho do caractere, contraste letra/fundo, tamanho da fonte, espaçamento entre palavras, espaçamento entre linhas, espaçamento de parágrafos, comprimento da linha, etc.). Por definição, o critério Legibilidade não abrange mensagens de erro ou de feedback.',5,'on'),
	(6,'Concisão','Verifique o tamanho dos códigos e termos apresentados e introduzidos no sistema.','O critério Concisão diz respeito à carga perceptiva e cognitiva de saídas e entradas individuais. Por definição, a Concisão não diz respeito às mensagens de erro e de feedback.',6,'on'),
	(7,'Ações Mínimas','Verifique a extensão dos diálogos estabelecidos para a realização dos objetivos do usuário.','O critério Ações Mínimas diz respeito à carga de trabalho em relação ao número de ações necessárias à realização de uma tarefa. O que temos aqui é uma questão de limitar tanto quanto possível o número de passos que o usuário deve empregar.',7,'on'),
	(8,'Densidade Informacional','Avalie a densidade informacional das telas apresentadas pelo sistema.','O critério Densidade Informacional diz respeito à carga de trabalho do usuário de um ponto de vista perceptivo e cognitivo, com relação ao conjunto total de itens de informação apresentados aos usuários, e não a cada elemento ou item individual.',8,'on'),
	(9,'Ações Explícitas','Verifique se é o usuário quem comanda explicitamente as ações do sistema.','O critério Ações Explícitas do Usuário se refere às relações entre o processamento pelo computador e as ações do usuário. Essa relação deve ser explícita, isto é, o computador deve processar somente aquelas ações solicitadas pelo usuário e apenas quando solicitado a fazê-lo.',9,'on'),
	(10,'Controle do Usuário','Avalie as possibilidades do usuário controlar o encadeamento e a realização das ações.','O critério Controle do Usuário se refere ao fato de que os usuários deveriam estar sempre no controle do processamento do sistema (por exemplo, interromper, cancelar, suspender e continuar). Cada ação possível do usuário deve ser antecipada e opções apropriadas devem ser oferecidas.',10,'on'),
	(11,'Flexibilidade','Verifique se o sistema permite personalizar as apresentações e os diálogos.','A flexibilidade se refere aos meios colocados à disposição do usuário que lhe permitem personalizar a interface, a fim de levar em conta as exigências da tarefa, de suas estratégias ou seus hábitos de trabalho. Ela corresponde também ao número das diferentes maneiras à disposição do usuário para alcançar um certo objetivo. Trata-se, em outros termos, da capacidade da interface de se adaptar as variadas ações do usuário.',11,'on'),
	(12,'Experiência do Usuário','Avalie se usuários com diferentes níveis de experiência têm iguais possibilidades de obter sucesso em seus objetivos.','A consideração da experiência do usuário diz respeito aos meios implementados que permitem que o sistema respeite o nível de experiência do usuário.',12,'on'),
	(13,'Proteção contra erros','Verifique se o sistema oferece as oportunidades para o usuário prevenir eventuais erros.','A proteção contra os erros diz respeito aos mecanismos empregados para detectar e prevenir os erros de entradas de dados, comandos, possíveis ações de conseqüências desastrosas e/ou não recuperáveis.',13,'on'),
	(14,'Mensagens de erro','Avalie a qualidade das mensagens de erro enviadas aos usuários em dificuldades.','A qualidade das mensagens refere-se à pertinência, à legibilidade e à exatidão da informação dada ao usuário, sobre a natureza do erro cometido (sintaxe, formato, etc.) e sobre as ações a executar para corrigi-lo.',14,'on'),
	(15,'Correção de erros','Verifique as facilidades oferecidas para que o usuário possa corrigir os erros cometidos.','O critério correção dos erros diz respeito aos meios colocados à disposição do usuário com o objetivo de permitir a correção de seus erros.',15,'on'),
	(16,'Consistência','Avalie se é mantida uma coerência no projeto de códigos, telas e diálogos com o usuário.','O critério homogeneidade/coerência refere-se à forma na qual as escolhas na concepção da interface (códigos, denominações, formatos, procedimentos, etc.) são conservadas idênticas, em contextos idênticos, e diferentes, em contextos diferentes.',16,'on'),
	(17,'Significados','Avalie se os códigos e denominações são claros e significativos para os usuários do sistema.','O critério significado dos códigos e denominações diz respeito à adequação entre o objeto ou a informação apresentada ou pedida e sua referência. Códigos e denominações significativas possuem uma forte relação semântica com seu referente. Termos pouco expressivos para o usuário podem ocasionar problemas de condução, podendo levá-lo a selecionar uma opção errada.',17,'on'),
	(18,'Compatibilidade','Verifique a compatibilidade do sistema com as expectativas e necessidades do usuário em sua tarefa.','O critério compatibilidade refere-se ao acordo que possa existir entre as características do usuário (memória, percepção, hábitos, competências, idade, expectativas, etc.) e as tarefas, de uma parte, e a organização das saídas, das entradas e do diálogo de uma dada aplicação, de outra. Ela diz respeito também ao grau de similaridade entre diferentes ambientes e aplicações.',18,'on');

/*!40000 ALTER TABLE `criterio` ENABLE KEYS */;
UNLOCK TABLES;


# Dump of table descricao
# ------------------------------------------------------------

DROP TABLE IF EXISTS `descricao`;

CREATE TABLE `descricao` (
  `DSC_ID` int(11) NOT NULL AUTO_INCREMENT,
  `DSC_CHK_ID` int(11) NOT NULL,
  `DSC_CRI_ID` int(11) NOT NULL,
  `DSC_DESC` text NOT NULL,
  PRIMARY KEY (`DSC_ID`,`DSC_CHK_ID`,`DSC_CRI_ID`),
  UNIQUE KEY `DSC_ID_UNIQUE` (`DSC_ID`),
  KEY `fk_checklist_has_criterio_criterio1_idx` (`DSC_CRI_ID`),
  KEY `fk_checklist_has_criterio_checklist1_idx` (`DSC_CHK_ID`),
  CONSTRAINT `fk_checklist_has_criterio_checklist1` FOREIGN KEY (`DSC_CHK_ID`) REFERENCES `checklist` (`CHK_ID`) ON DELETE NO ACTION ON UPDATE NO ACTION,
  CONSTRAINT `fk_checklist_has_criterio_criterio1` FOREIGN KEY (`DSC_CRI_ID`) REFERENCES `criterio` (`CRI_ID`) ON DELETE NO ACTION ON UPDATE NO ACTION
) ENGINE=InnoDB DEFAULT CHARSET=utf8;

LOCK TABLES `descricao` WRITE;
/*!40000 ALTER TABLE `descricao` DISABLE KEYS */;

INSERT INTO `descricao` (`DSC_ID`, `DSC_CHK_ID`, `DSC_CRI_ID`, `DSC_DESC`)
VALUES
	(1,1,1,'Tiítulos e informações todos centrados, as informações todas bem destacadas, todos dados possuem um rótulo de entrada, o mascaramento de dados é realizado em todos dados que possuem essa característica, as label não possuem convites para entrar ao input, busca de produtos possui indicadores de continuação, tabelas identificadas.\nOs botões nao possuem \"..\", menus possuem > para outros paineis, nenhum botão de ajuda.'),
	(2,1,2,'Dados seguem uma ordem lógica, todos os dados são alinhados devidamente.'),
	(3,1,3,'Todos os botões são destacados, facilidade para diferenciar dados, dados com diferença de cores, nenhum sinal sonoro detectado, campos obrigatorios seguem *.'),
	(4,1,4,'Não fornece informações sobre impressões, informações de tempo de processamento não são vistas, \nnão fornece um histórico de comandos efetuados.'),
	(5,1,5,'Boa ocupação de espaço, todos itens a direita,  nas tabelas usa-se um espaço em branco a baixo para separar os itens, maioria dos dados não se encotnram em ordem alfabética, menus todos conforme os padrões, ícones com detalhes. '),
	(6,1,6,'Todos alfanuméricos são curtidos e compreensíveis, nomes breves e existem poucas abreviações e são curtas.'),
	(7,1,7,'Todos itens estão de acordo.'),
	(8,1,8,'Quantidade de informações faz com que varias janelas de busca sejam exibidas,\nminoria de dados que ultrapassam 9 linhas/'),
	(9,1,9,'O sistema deixa o usuário fazer todas tarefas que cabem a ele, não forçando nenhum ato.'),
	(10,1,10,'O usuário pode realizar qualquer ação enquanto esta comprando.'),
	(11,1,11,'Não é possivel eliminar elementos do html, nenhum comando de macro, nao pode alterar valores default.'),
	(12,1,12,'Não trata a diferença de usuários, menu fixo.'),
	(13,1,13,'Nenhum sinal sonoro, nenhum campo para dados longo encontrado.'),
	(14,1,14,'Nenhum nível de detalhamento, mensagens não mudam na sequencia de erros.'),
	(15,1,15,'Não possui comando refazer, não corrige.'),
	(16,1,16,'Nenhum convite a entrada de dados.'),
	(17,1,17,'Nenhum item pisca pisca.'),
	(18,1,18,'Nenhum modal, nenhuma voz, nenhuma animação.'),
	(19,2,1,'O site mantém mais da metade dos requisitos impecáveis, porém falha em alguns aspectos, principalmente em expor entradas de dados válidas visiveis, na maioria dos casos você precisa enviar o formulário para ele mostrar um exemplo dos dados que devem ser colocados e não possui máscaras de dados, o que dificulta no entendimento do que deve ser posto.'),
	(20,2,2,'Os agrupamentos de dados estão bem espaçados e visíveis porém não apresenta teclas aceleradoras ou pelo menos não promove o seu uso.'),
	(21,2,3,'A diferenciação dos elementos é muito visível e seus cursores respeitam os padrões que são usados nos sistemas operacionais, as entradas de dados contam com cursores \"text\" que chama atenção a entrada de dados e os botões ou links utilizam \"pointer\" que chama a atenção ao clique e os respectivos rótulos dos formulários sempre estão antes dos campos ao qual se referem.'),
	(22,2,4,'O feedback do sistema em relação aos requisitos de processamento e carregamento é mínimo e em alguns casos oculto, na pesquisa principal caso você preencha rápido e pressione o enter não consegue ver que acontece uma pré busca com um dropdown dos resultados encontrados os quais você pode clicar e ser direcionado direto ao produto, ao invés do enter redirecionar ele poderia executar a mesma função de consulta que é executada enquanto digita.'),
	(23,2,5,'O site destaca-se em legibilidade, trabalha com cores bem definidas e não é poluído, mantém um bom espaçamento entre os objetos e seus conteúdos têm uma fonte agradável e legível, pode melhorar em alguns casos principalmente no menu superior, no qual a fonte poderia ser maior e no menu abaixo da pesquisa que poderia ter alguma indicação que o menu contém um menu dropdown embutido.'),
	(24,2,6,'Em termos gerais é bem conciso, objetivo, as principais páginas têm um link de acesso fácil e memorizável, apenas os produtos têm nomes mais complexos, o prenchimento prévio do próprio sistema não acontece porque nos principais casos esses valores são informações que o usuário deve alimentar.'),
	(25,2,7,'As ações mínimas são bem aproveitadas e o usuário tem facilidade em percorrer os formulários e outros elementos da página com apenas um tab, porém a visualização em alguns casos é ruim.'),
	(26,2,8,'A informação é bem distribuida e adequada ao necessário para cada tela.'),
	(27,2,9,'O sistema encaminha as ações de forma que para o processamento final os dados tenham sido preenchidos corretamente e um simples enter executar uma operação e o feedback encaminha o usuário ao processamento final e o usuário tem a liberdade do preenchimento dos dados na ordem que achar melhor.'),
	(28,2,10,'O usuário tem toda a liberdade de interação, porém não conta com um cancelamento instantâneo de um determinado processo.'),
	(29,2,11,'A customização de telas ou de macros não é disponível ao usuário.'),
	(30,2,12,'A experiência do usuário não é abordada pelo sistema, ele não é complexo ao ponto de necessitar diferentes módulos para públicos diferentes mas possui algumas informações relevantes aos usuários que tiverem dúvidas no rodapé, além de ter uma opção fixa no canto inferior direito onde o usuário pode deixar uma mensagem livre.'),
	(31,2,13,'Possui boa separação o que dificulta preenchimentos ou cliques equivocados, porém não conta com nenhum sinal sonoro a erros.'),
	(32,2,14,'As mensagens de erro são breves e não possuem escolha de detalhamento e não são alteradas de acordo com os erros excessivos.'),
	(33,2,15,'Mesmo não sendo complicado e tendo um feedback fácil a correção do erro o sistema poderia ter as opções refazer e desfazer que o mesmo não disponibiliza.'),
	(34,2,16,'O sistema se mantém coerente em suas diferentes telas, porém não conta com convites padronizados a entrada de dados.'),
	(35,2,17,'O sistema em si é claro ao usuário, bem localizado e mantém alguns padrões como título e breadcrumbs para sinalização.'),
	(36,2,18,'Compatível em sua maioria as ações do usuário, porém não utiliza de telas sobrepostas/modais para indicar ações ou erros, essas informações são abordadas próximas ao local do foco.');

/*!40000 ALTER TABLE `descricao` ENABLE KEYS */;
UNLOCK TABLES;


# Dump of table questao
# ------------------------------------------------------------

DROP TABLE IF EXISTS `questao`;

CREATE TABLE `questao` (
  `QST_ID` int(11) NOT NULL AUTO_INCREMENT,
  `QST_CRI_ID` int(11) NOT NULL,
  `QST_PRG` text NOT NULL,
  `QST_STS` enum('on','off') NOT NULL DEFAULT 'on',
  PRIMARY KEY (`QST_ID`,`QST_CRI_ID`),
  UNIQUE KEY `QST_ID_UNIQUE` (`QST_ID`),
  KEY `fk_questao_criterio1_idx` (`QST_CRI_ID`),
  CONSTRAINT `fk_questao_criterio1` FOREIGN KEY (`QST_CRI_ID`) REFERENCES `criterio` (`CRI_ID`) ON DELETE NO ACTION ON UPDATE NO ACTION
) ENGINE=InnoDB DEFAULT CHARSET=utf8;

LOCK TABLES `questao` WRITE;
/*!40000 ALTER TABLE `questao` DISABLE KEYS */;

INSERT INTO `questao` (`QST_ID`, `QST_CRI_ID`, `QST_PRG`, `QST_STS`)
VALUES
	(1,1,'Os títulos de telas, janelas e caixas de diálogo estão no alto, centrados ou justificados à esquerda?','on'),
	(2,1,'Todos os campos e mostradores de dados possuem rótulos identificativos?','on'),
	(3,1,'Caso o dado a entrar possua um formato particular, esse formato encontra-se descrito na tela?','on'),
	(4,1,'As unidades para a entrada ou apresentação de dados métricos ou financeiros encontram-se descritas na tela?','on'),
	(5,1,'Os rótulos dos campos contêm um elemento específico, por exemplo \":\", como convite às entradas de dados?','on'),
	(6,1,'Caso o dado a entrar possua valores aceitáveis esses valores encontram-se descritos na tela?','on'),
	(7,1,'Listas longas apresentam indicadores de continuação, d e quantidade de itens e de páginas?','on'),
	(8,1,'As tabelas apresentam cabeçalhos para linhas e colunas consistentes e distinguíveis dos dados apresentados?','on'),
	(9,1,'Os gráficos possuem um título geral e rótulos para seus eixos?','on'),
	(10,1,'Os botões que comandam a apresentação de caixas de diálogo apresentam em seus rótulos o sinal \"...\" como indicador da continuidade e do diálogo?','on'),
	(11,1,'As páginas de menus possuem títulos, cabeçalhos ou convites à entrada?','on'),
	(12,1,'As opções de menu que levam a outros painéis de menu   apresentam o sinal \">\" como indicador desse fato?','on'),
	(13,1,'O usuário encontra disponíveis as informações necessárias para suas ações?','on'),
	(14,1,'Nas caixas de mensagens de erro, o botão de comando \"AJUDA\" está sempre presente?','on'),
	(15,1,'A resposta para uma solicitação de ajuda do usuário está estruturada no contexto da tarefa e da transação corrente?','on'),
	(16,1,'Existe a possibilidade do usuário obter a lista de comandos básicos da linguagem?','on'),
	(17,1,'Na ocorrência de erros, o usuário pode acessar todas as informações necessárias ao diagnóstico e à solução do problema?','on'),
	(18,2,'O espaço de apresentação está diagramado em pequenas zonas funcionais?','on'),
	(19,2,'A disposição dos objetos de interação de uma caixa de dialogo segue uma ordem lógica?','on'),
	(20,2,'Nos agrupamentos de dados, os itens estão organizados espacialmente segundo um critério lógico?','on'),
	(21,2,'Os códigos das teclas aceleradoras de opções de menu estão localizados à direita do nome da opção?','on'),
	(22,2,'Nas listas de seleção, as opções estão organizadas segundo alguma ordem lógica?','on'),
	(23,2,'Os paineis de menus são formados a partir de um critério lógico de agrupamento de opções?','on'),
	(24,2,'Dentro de um painel de menu, as opções mutuamente exclusivas ou interdependentes estão agrupadas e separadas das demais?','on'),
	(25,2,'As opções dentro de um painel de menu estão ordenadas segundo algum critério lógico?','on'),
	(26,2,'A definição da opção de menu selecionada por default segue algum critério?','on'),
	(27,2,'Os grupos de botões de comando estão dispostos em coluna e à direita, ou em linha e abaixo dos objetos aos quais estão associados?','on'),
	(28,2,'O botão de comando selecionado por default está na posição mais alta, se os botões estão dispostos verticalmente, ou na mais à esquerda, se os botões estão dispostos horizontalmente?','on'),
	(29,3,'Os controles e comandos encontram-se visualmente diferenciados das informações apresentadas nas telas?','on'),
	(30,3,'Códigos visuais são empregados para associar diferentes categorias de dados distribuídos de forma dispersa nas telas?','on'),
	(31,3,'Os diferentes tipos de elementos de uma tela de consulta (dados, comandos e instruções) são visualmente distintos uns dos outros?','on'),
	(32,3,'Os rótulos são visualmente diferentes dos dados aos quais estão associados?','on'),
	(33,3,'Os cabeçalhos de uma tabela estão diferenciados através do emprego de cores diferentes, letras maiores ou sublinhadas?','on'),
	(34,3,'Em situações anormais, os dados críticos e que requeiram atenção imediata são diferenciados através do uso de cores brilhantes como por exemplo, o vermelho ou o rosa?','on'),
	(35,3,'Sinais sonoros são empregados para alertar os usuários em relação a uma apresentação visual?','on'),
	(36,3,'Na apresentação de textos, os recursos de estilo, como itálico, negrito, sublinhado ou diferentes fontes são empregados para salientar palavras ou noções importantes?','on'),
	(37,3,'Os itens selecionados para alteração, atualização ou acionamento estão destacados dos outros?','on'),
	(38,3,'Nas situações de alarme e nas telas de alta densidade de informação, o recurso de intermitência visual é empregado para salientar dados e informações?','on'),
	(39,3,'Os campos obrigatórios são diferenciados dos campos opcionais de forma visualmente clara?','on'),
	(40,3,'Nas caixas de mensagens, o botão selecionado por default tem uma apresentação visual suficientemente distinta dos outros?','on'),
	(41,3,'Em situações em que se exija atenção especial do usuário, as mensagens de alerta e de aviso são apresentadas de maneira distinta?','on'),
	(42,3,'A forma do cursor do mouse é diferente da de qualquer outro item apresentado?','on'),
	(43,3,'As formas de cursores (dois ou mais) apresentados simultaneamente são suficientemente distintas umas das outras?','on'),
	(44,3,'As caixas de agrupamento são empregadas para realçar um grupo de dados relacionados?','on'),
	(45,3,'Quando apresenta opções não disponíveis no momento, o sistema as mostra de forma diferenciada visualmente?','on'),
	(46,4,'O sistema fornece feedback para todas as ações do usuário?','on'),
	(47,4,'Quando, durante a entrada de dados, o sistema torna-se indisponível ao usuário, devido a algum processamento longo, o usuário é avisado desse estado do sistema e do tempo dessa indisponibilidade?','on'),
	(48,4,'O sistema fornece informações sobre o estado das impressões?','on'),
	(49,4,'Os itens selecionados de uma lista são realçados visualmente de imediato?','on'),
	(50,4,'A imagem do cursor fornece feedback dinâmico e contextual sobre a manipulação direta?','on'),
	(51,4,'O sistema fornece ao usuário informações sobre o tempo de processamentos demorados?','on'),
	(52,4,'O sistema apresenta uma mensagem informando sobre o sucesso ou fracasso de um processamento demorado?','on'),
	(53,4,'O sistema fornece feedback imediato e contínuo das manipulações diretas?','on'),
	(54,4,'O sistema define o foco das ações para os objetos recém criados ou recém abertos?','on'),
	(55,4,'O sistema fornece feedback sobre as mudanças de atributos dos objetos?','on'),
	(56,4,'Qualquer mudança na situação atual de objetos de controle é apresentada visualmente de modo claro ao usuário?','on'),
	(57,4,'O sistema fornece um histórico dos comandos entrados pelo usuário durante uma sessão de trabalho?','on'),
	(58,5,'As áreas livres são usadas para separar grupos lógicos em vez de tê-los todos de um só lado da tela, caixa ou janela?','on'),
	(59,5,'Os grupos de objetos de controle e de apresentação que compõem as caixas de diálogo e outros objetos compostos encontram-se alinhados vertical e horizontalmente?','on'),
	(60,5,'Os rótulos de campos organizados verticalmente e muito diferentes em tamanho estão justificados à direita?','on'),
	(61,5,'A largura mínima dos mostradores de texto é de 50 caracteres?','on'),
	(62,5,'A altura mínima dos mostradores de texto é de 4 linhas?','on'),
	(63,5,'Os parágrafos de texto são separados por, pelo menos, uma linha em branco?','on'),
	(64,5,'O uso exclusivo de maiúsculas nos textos é evitado?','on'),
	(65,5,'O uso do negrito é minimizado?','on'),
	(66,5,'O uso do sublinhado é minimizado?','on'),
	(67,5,'Nas tabelas, linhas em branco são empregadas para separar grupos?','on'),
	(68,5,'As listas de dados alfabéticos são justificadas à esquerda?','on'),
	(69,5,'As listas contendo números decimais apresentam alinhamento pela vírgula?','on'),
	(70,5,'As linhas empregadas para o enquadramento e segmentação de menus (separadores, delimitadores etc.) são simples?','on'),
	(71,5,'As bordas dos painéis dos menus estão suficientemente separadas dos textos das opções de modo a não prejudicar a sua legibilidade?','on'),
	(72,5,'O uso de abreviaturas é minimizado nos menus?','on'),
	(73,5,'Os nomes das opções estão somente com a inicial em maiúsculo?','on'),
	(74,5,'Os números que indicam as opções de menu estão alinhados pela direita?','on'),
	(75,5,'Quando a enumeração alfabética é utilizada, as letras para seleção estão alinhadas pela esquerda?','on'),
	(76,5,'As opções das barras de menu horizontal estão separadas por, no mínimo, 2 caracteres brancos?','on'),
	(78,5,'Os rótulos de campos começam com uma letra maiúscula, e as letras restantes são minúsculas?','on'),
	(79,5,'Os itens de dados longos são particionados em grupos mais curtos, tanto nas entradas como nas apresentações?','on'),
	(80,5,'Os códigos alfanuméricos do sistema agrupam separadamente letras e números?','on'),
	(81,5,'Os ícones são legíveis?','on'),
	(82,5,'O sistema utiliza rótulos (textuais) quando pode existir ambiguidade de ícones?','on'),
	(83,5,'A informação codificada com o vídeo reverso é legível?','on'),
	(84,5,'O uso de vídeo reverso está restrito à indicação de feedback de seleção?','on'),
	(85,5,'Os dados a serem lidos são apresentados de forma contínua, ou seja, não piscantes?','on'),
	(86,6,'O sistema oferece valores defaults para acelerar a entrada de dados?','on'),
	(87,6,'A identificação alfanumérica das janelas é curta o suficiente para ser relembrada facilmente?','on'),
	(88,6,'Os nomes das opções de menu são concisos?','on'),
	(89,6,'Os ícones são econômicos sob o ponto de vista do espaço nas telas?','on'),
	(90,6,'As denominações são breves?','on'),
	(91,6,'As abreviaturas são curtas?','on'),
	(92,6,'Os códigos arbitrários que o usuário deve memorizar são sempre menores do que 4 ou 5 caracteres?','on'),
	(93,6,'Os rótulos são concisos?','on'),
	(94,6,'Códigos alfanuméricos não significativos para o usuário e que devem ser entrados no sistema são menores do que 7 caracteres?','on'),
	(95,6,'Na entrada de dados alfanuméricos, o sistema considera as letras maiúsculas e minúsculas como equivalentes?','on'),
	(96,6,'Na entrada de dados numéricos, o usuário é liberado do preenchimento do ponto decimal desnecessário?','on'),
	(97,6,'Na entrada de dados numéricos, o usuário é liberado do preenchimento do zeros fracionários desnecessários?','on'),
	(98,6,'Na entrada de valores métricos ou financeiros, o usuário é liberado do preenchimento da unidade de medida?','on'),
	(99,6,'É permitido ao usuário reaproveitar os valores definidos para entradas anteriores, podendo inclusive alterá-los?','on'),
	(100,7,'Em formulário de entrada de dados o sistema posiciona o cursor no começo do primeiro campo de entrada?','on'),
	(101,7,'Na realização das ações principais em uma caixa de diálogo, o usuário tem os movimentos de cursor minimizados através da adequada ordenação dos objetos?','on'),
	(102,7,'O usuário dispõe de um modo simples e rápido (tecla TAB por exemplo) para a navegação entre os campos de um formulário?','on'),
	(103,7,'Os grupos de botões de comando possuem sempre um botão definido como default?','on'),
	(104,7,'A estrutura dos menus é concebida de modo a diminuir os passos necessários para a seleção?','on'),
	(105,8,'A densidade informacional das janelas é reduzida?','on'),
	(106,8,'As telas apresentam somente os dados e informações necessários e indispensáveis para o usuário em sua tarefa?','on'),
	(107,8,'Na entrada de dados codificados, os códigos apresentam somente os dados necessários estão presentes na tela de uma maneira distinguível?','on'),
	(108,8,'O sistema minimiza a necessidade do usuário lembrar dados exatos de uma tela para outra?','on'),
	(109,8,'Na leitura de uma janela, o usuário tem seus movimentos oculares minimizados através da distribuição dos objetosprincipais segundo as linhas de um \"Z\"?','on'),
	(110,8,'O sistema evita apresentar um grande número de janelas que podem desconcentrar ou sobrecarregar a memória do usuário?','on'),
	(111,8,'Na manipulação dos dados apresentados pelo sistema, o usuário está liberado da tradução de unidades?','on'),
	(112,8,'As listas de seleção e combinação apresentam uma altura correspondente a um máximo de nove linhas?','on'),
	(113,8,'Os painéis de menu apresentam como ativas somente as opções necessárias?','on'),
	(114,9,'O sistema posterga os processamentos até que as ações de entrada do usuário tenham sido completadas?','on'),
	(115,9,'Durante a seleção de uma opção de menu o sistema permite a separação entre indicação e execução da opção?','on'),
	(116,9,'Para iniciar o processamento dos dados, o sistema sempre exige do usuário uma ação explícita de \"ENTER\"?','on'),
	(117,9,'É sempre o usuário quem comanda a navegação entre os campos de um formulário?','on'),
	(118,10,'O usuário pode terminar um diálogo seqüencial repetitivo a qualquer instante?','on'),
	(119,10,'O usuário pode interromper e retomar um diálogo seqüencial a qualquer instante?','on'),
	(120,10,'O usuário pode reiniciar um diálogo seqüencial a qualquer instante?','on'),
	(121,10,'Durante os períodos de bloqueio dos dispositivos de entrada, o sistema   fornece ao usuário uma opção para interromper o processo que causou o bloqueio?','on'),
	(122,11,'Os usuários têm a possibilidade de modificar ou eliminar itens irrelevantes das janelas?','on'),
	(123,11,'Ao usuário é permitido personalizar o diálogo, através da definição de macros?','on'),
	(124,11,'É permitido ao usuário alterar e personalizar valores definidos por default?','on'),
	(125,12,'Caso se trate de um sistema de grande público, ele oferece formas variadas de apresentar as mesmas informações aos diferentes tipos de usuário?','on'),
	(126,12,'Os estilos de diálogo são compatíveis com as habilidades do usuário, permitindo ações passo-a-passo para iniciantes e a entrada de comandos mais complexos por usuários experimentados?','on'),
	(127,12,'O usuário pode se deslocar de uma parte da estrutura de menu para outra rapidamente?','on'),
	(128,12,'O sistema oferece equivalentes de teclado para a seleção e execução das opções de menu, além do dispositivo de apontamento (mouse,...)?','on'),
	(129,12,'O sistema é capaz de reconhecer um conjunto de sinônimos para os termos básicos definidos na linguagem de comando, isto para se adap tar aos usuários novatos ou ocasionais?','on'),
	(130,12,'O usuário experiente pode efetuar a digitação de vários comandos antes de uma confirmação?','on'),
	(131,13,'O sistema apresenta uma separação adequada entre áreas selecionáveis de um painel de menu de modo a minimizar as ativações acidentais?','on'),
	(132,13,'Em toda ação destrutiva, os botões selecionados por default realizam a anulação dessa ação?','on'),
	(133,13,'Os campos numéricos para entrada de dados longos estão subdivididos em grupos menores e pontuados com espaços, vírgulas, hífens ou barras?','on'),
	(134,13,'Ao final de uma sessão de trabalho o sistema informa sobre o risco de perda dos dados?','on'),
	(135,13,'O sistema emite sinais sonoros quando ocorrem problemas na entrada de dados?','on'),
	(136,13,'As teclas de funções perigosas encontram-se agrupadas e/ou separadas das demais no teclado?','on'),
	(137,13,'O sistema solicita confirmação (dupla) de ações que podem gerar perdas de dados e/ou resultados catastróficos?','on'),
	(138,14,'As mensagens de erro ajudam a resolver o problema do usuário, fornecendo com precisão o local e a causa específica ou provável do erro, bem como as ações que o usuário poderia realizar para corrigí-lo?','on'),
	(139,14,'As mensagens de erro são neutras e polidas?','on'),
	(140,14,'As frases das mensagens de erro são curtas e construídas a partir de palavras curtas, significativas e de uso comum?','on'),
	(141,14,'As mensagens de erro estão isentas de abreviaturas e/ou códigos gerados pelo sistema operacional?','on'),
	(142,14,'O usuário pode escolher o nível de detalhe das mensagens de erro em função de seu nível de conhecimento?','on'),
	(143,14,'A informação principal de uma mensagem de erro encontra-se logo no início da mensagem?','on'),
	(144,14,'Quando necessário, as informações que o usuário deve memorizar encontram-se localizadas na parte final da mensagem de erro?','on'),
	(145,14,'Em situações normais as mensagens de erro são escritas em maiúsculo/minúsculo?','on'),
	(146,14,'As mensagens de erro têm seu conteúdo modificado quando na repetição imediata do mesmo erro pelo mesmo usuário?','on'),
	(147,15,'Qualquer ação do usuário pode ser revertida através da opção DESFAZER?','on'),
	(148,15,'Através da opção REFAZER, a regressão do diálogo, também pode ser desfeita?','on'),
	(149,15,'Os comandos para DESFAZER e REFAZER o diálogo estão diferenciados?','on'),
	(150,15,'O sistema reconhece e através de uma confirmação do usuário, executa os comandos mais freqüentes mesmo com erros de ortografia?','on'),
	(151,15,'Depois de um erro de digitação de um comando ou de dados, o usuário tem a possibilidade de corrigir somente a parte dos dados ou do comando que está errada?','on'),
	(152,16,'A identificação das caixas, telas ou janelas são únicas?','on'),
	(153,16,'A organização em termos da localização das várias características das janelas é mantida consistente de uma tela para outra?','on'),
	(154,16,'A posição inicial do cursor é mantida consistente ao longo de todas as apresentações de formulários?','on'),
	(155,16,'Uma mesma tecla de função aciona a mesma opção de uma tela para outra?','on'),
	(156,16,'Os ícones são distintos uns dos outros e possuem sempre o mesmo significado de uma tela para outra?','on'),
	(157,16,'A localização dos dados é mantida consistente de uma tela para outra?','on'),
	(158,16,'Os formatos de apresentação dos dados são mantidos consistentes de uma tela para outra?','on'),
	(159,16,'Os rótulos estão na mesma posição em relação aos campos associados?','on'),
	(160,16,'O símbolo para convite à entrada de dados é padronizado (por exemplo \" : \" )?','on'),
	(161,16,'As áreas de entrada de comandos estão na mesma posição de uma tela para outra?','on'),
	(162,16,'Os significados dos códigos de cores são seguidos de maneira consistente?','on'),
	(163,17,'As denominações dos títulos estão de acordo com o que eles representam?','on'),
	(164,17,'Os títulos das páginas de menu   são explicativos, refletindo a natureza da escolha a ser feita?','on'),
	(165,17,'Os títulos das páginas de menu são distintos entre si?','on'),
	(166,17,'Os títulos das páginas de menu são combináveis ou componíveis?','on'),
	(168,17,'As denominações das opções de menu são familiares ao usuário?','on'),
	(169,17,'O vocabulário utilizado nos rótulos, convites e mensagens de orientação são familiares ao usuário, evitando palavras difíceis?','on'),
	(170,17,'O vocabulário utilizado em rótulos, convites e mensagens de orientação é orientado à tarefa, utilizando termos e jargão técnico normalmente empregados na tarefa?','on'),
	(171,17,'Os cabeçalhos de colunas de dados são significativos e distintos?','on'),
	(172,17,'O sistema adota códigos significativos ou familiares aos usuários?','on'),
	(173,17,'As abreviaturas são significativas?','on'),
	(174,17,'As abreviaturas são facilmente distinguíveis umas das outras, evitando confusões geradas por similaridade?','on'),
	(175,17,'A intermitência luminosa (pisca-pisca)   é usada com moderação e somente para atrair a atenção para alarmes, avisos ou mensagens críticas?','on'),
	(176,18,'As telas são compatíveis com o padrão do ambiente?','on'),
	(177,18,'A imagem do formulário na tela do terminal assemelha-se com o formulário de entrada em papel?','on'),
	(178,18,'O sistema propõe uma caixa de diálogo modal, quando a aplicação deve ter todos os dados antes de prosseguir ou quando o usuário tenha de responder a uma questão urgente?','on'),
	(179,18,'As caixas de diálogo do sistema apresentam um botão de validação, um botão de anulação e, se possível, um botão de ajuda?','on'),
	(180,18,'Os significados usuais das cores são respeitados nos códigos de cores definidos?','on'),
	(181,18,'As opções de codificação por cores são limitadas em número?','on'),
	(182,18,'As informações codificadas através das cores apresentam uma codificação adicional redundante?','on'),
	(183,18,'A taxa de intermitência para elementos piscantes está entre 2 e 5 Hz (2 a 5 piscadas por segundo)?','on'),
	(184,18,'A apresentação sonora é compatível com o ruído do ambiente?','on'),
	(185,18,'As mensagens são sempre afirmativas e na voz ativa?','on'),
	(186,18,'Quando uma frase descreve uma seqüência de eventos, a ordem das palavras na frase corresponde à seqüência temporal dos eventos?','on'),
	(187,18,'Ilustrações e animações são usadas para completar as explicações do texto?','on'),
	(188,18,'O sistema segue as convenções dos usuários para dados padronizados?','on'),
	(189,18,'O sistema utiliza unidades de medida familiares ao usuário?','on'),
	(190,18,'Dados numéricos que se alterem rapidamente são apresentados analogicamente?','on'),
	(191,18,'Dados numéricos que demandam precisão de leitura são apresentados digitalmente?','on'),
	(192,18,'Os itens são numerados com números, não com letras?','on'),
	(193,18,'Os identificadores numéricos de opção de menu iniciam de \"1\", e não de \"0\"?','on'),
	(194,18,'Os eixos de um gráfico apresentam escalas numéricas iniciando em zero, com intervalos padronizados, crescendo da esquerda para a direita e de cima para baixo?','on'),
	(195,18,'Os itens de um grupo de botões de rádio são mutuamente exclusivos?','on'),
	(196,18,'Os itens de um grupo de caixas de atribuição permitem escolhas independentes?','on');

/*!40000 ALTER TABLE `questao` ENABLE KEYS */;
UNLOCK TABLES;


# Dump of table resposta
# ------------------------------------------------------------

DROP TABLE IF EXISTS `resposta`;

CREATE TABLE `resposta` (
  `RSP_ID` int(11) NOT NULL AUTO_INCREMENT,
  `RSP_CHK_ID` int(11) NOT NULL,
  `RSP_CRI_ID` int(11) NOT NULL,
  `RSP_QST_ID` int(11) NOT NULL,
  `RSP_VLR` varchar(45) NOT NULL,
  `RSP_COM` text,
  `RSP_STS` enum('on','off') NOT NULL DEFAULT 'on',
  PRIMARY KEY (`RSP_ID`,`RSP_CHK_ID`,`RSP_CRI_ID`,`RSP_QST_ID`),
  UNIQUE KEY `RSP_ID_UNIQUE` (`RSP_ID`),
  KEY `fk_criterio_has_questao_questao1_idx` (`RSP_QST_ID`),
  KEY `fk_resposta_checklist1_idx` (`RSP_CHK_ID`),
  KEY `fk_resposta_criterio1_idx` (`RSP_CRI_ID`),
  CONSTRAINT `fk_criterio_has_questao_questao1` FOREIGN KEY (`RSP_QST_ID`) REFERENCES `questao` (`QST_ID`) ON DELETE NO ACTION ON UPDATE NO ACTION,
  CONSTRAINT `fk_resposta_checklist1` FOREIGN KEY (`RSP_CHK_ID`) REFERENCES `checklist` (`CHK_ID`) ON DELETE NO ACTION ON UPDATE NO ACTION,
  CONSTRAINT `fk_resposta_criterio1` FOREIGN KEY (`RSP_CRI_ID`) REFERENCES `criterio` (`CRI_ID`) ON DELETE NO ACTION ON UPDATE NO ACTION
) ENGINE=InnoDB DEFAULT CHARSET=utf8;

LOCK TABLES `resposta` WRITE;
/*!40000 ALTER TABLE `resposta` DISABLE KEYS */;

INSERT INTO `resposta` (`RSP_ID`, `RSP_CHK_ID`, `RSP_CRI_ID`, `RSP_QST_ID`, `RSP_VLR`, `RSP_COM`, `RSP_STS`)
VALUES
	(1,1,1,1,'Sim',NULL,'on'),
	(2,1,1,2,'Sim',NULL,'on'),
	(3,1,1,3,'Sim',NULL,'on'),
	(4,1,1,4,'Sim',NULL,'on'),
	(5,1,1,5,'Não',NULL,'on'),
	(6,1,1,6,'Sim',NULL,'on'),
	(7,1,1,7,'Sim',NULL,'on'),
	(8,1,1,8,'Sim',NULL,'on'),
	(9,1,1,9,'Sim',NULL,'on'),
	(10,1,1,10,'Não',NULL,'on'),
	(11,1,1,11,'Sim',NULL,'on'),
	(12,1,1,12,'Sim',NULL,'on'),
	(13,1,1,13,'Sim',NULL,'on'),
	(14,1,1,14,'Não',NULL,'on'),
	(15,1,1,15,'Não aplicável',NULL,'on'),
	(16,1,1,16,'Não',NULL,'on'),
	(17,1,1,17,'Não',NULL,'on'),
	(18,1,2,18,'Sim',NULL,'on'),
	(19,1,2,19,'Sim',NULL,'on'),
	(20,1,2,20,'Sim',NULL,'on'),
	(21,1,2,21,'Sim',NULL,'on'),
	(22,1,2,22,'Sim',NULL,'on'),
	(23,1,2,23,'Sim',NULL,'on'),
	(24,1,2,24,'Sim',NULL,'on'),
	(25,1,2,25,'Sim',NULL,'on'),
	(26,1,2,26,'Sim',NULL,'on'),
	(27,1,2,27,'Sim',NULL,'on'),
	(28,1,2,28,'Sim',NULL,'on'),
	(29,1,3,29,'Sim',NULL,'on'),
	(30,1,3,30,'Sim',NULL,'on'),
	(31,1,3,31,'Sim',NULL,'on'),
	(32,1,3,32,'Sim',NULL,'on'),
	(33,1,3,33,'Sim',NULL,'on'),
	(34,1,3,34,'Sim',NULL,'on'),
	(35,1,3,35,'Não',NULL,'on'),
	(36,1,3,36,'Sim',NULL,'on'),
	(37,1,3,37,'Sim',NULL,'on'),
	(38,1,3,38,'Sim',NULL,'on'),
	(39,1,3,39,'Sim',NULL,'on'),
	(40,1,3,40,'Sim',NULL,'on'),
	(41,1,3,41,'Sim',NULL,'on'),
	(42,1,3,42,'Sim',NULL,'on'),
	(43,1,3,43,'Sim',NULL,'on'),
	(44,1,3,44,'Sim',NULL,'on'),
	(45,1,3,45,'Sim',NULL,'on'),
	(46,1,4,46,'Não',NULL,'on'),
	(47,1,4,47,'Sim',NULL,'on'),
	(48,1,4,48,'Sim',NULL,'on'),
	(49,1,4,49,'Sim',NULL,'on'),
	(50,1,4,50,'Sim',NULL,'on'),
	(51,1,4,51,'Não',NULL,'on'),
	(52,1,4,52,'Sim',NULL,'on'),
	(53,1,4,53,'Sim',NULL,'on'),
	(54,1,4,54,'Sim',NULL,'on'),
	(55,1,4,55,'Sim',NULL,'on'),
	(56,1,4,56,'Sim',NULL,'on'),
	(57,1,4,57,'Não',NULL,'on'),
	(58,1,5,58,'Sim',NULL,'on'),
	(59,1,5,59,'Sim',NULL,'on'),
	(60,1,5,60,'Sim',NULL,'on'),
	(61,1,5,61,'Sim',NULL,'on'),
	(62,1,5,62,'Sim',NULL,'on'),
	(63,1,5,66,'Sim',NULL,'on'),
	(64,1,5,64,'Sim',NULL,'on'),
	(65,1,5,65,'Sim',NULL,'on'),
	(66,1,5,66,'Sim',NULL,'on'),
	(67,1,5,67,'Não',NULL,'on'),
	(68,1,5,68,'Sim',NULL,'on'),
	(69,1,5,69,'Sim',NULL,'on'),
	(70,1,5,70,'Sim',NULL,'on'),
	(71,1,5,71,'Sim',NULL,'on'),
	(72,1,5,72,'Sim',NULL,'on'),
	(73,1,5,73,'Sim',NULL,'on'),
	(74,1,5,74,'Sim',NULL,'on'),
	(75,1,5,75,'Sim',NULL,'on'),
	(76,1,5,76,'Sim',NULL,'on'),
	(77,1,5,78,'Sim',NULL,'on'),
	(78,1,5,79,'Sim',NULL,'on'),
	(79,1,5,80,'Sim',NULL,'on'),
	(80,1,5,81,'Sim',NULL,'on'),
	(81,1,5,82,'Sim',NULL,'on'),
	(82,1,5,83,'Sim',NULL,'on'),
	(83,1,5,84,'Sim',NULL,'on'),
	(84,1,5,85,'Sim',NULL,'on'),
	(85,1,6,86,'Sim',NULL,'on'),
	(86,1,6,87,'Sim',NULL,'on'),
	(87,1,6,88,'Sim',NULL,'on'),
	(88,1,6,89,'Sim',NULL,'on'),
	(89,1,6,90,'Sim',NULL,'on'),
	(90,1,6,91,'Sim',NULL,'on'),
	(91,1,6,92,'Sim',NULL,'on'),
	(92,1,6,93,'Sim',NULL,'on'),
	(93,1,6,94,'Sim',NULL,'on'),
	(94,1,6,95,'Sim',NULL,'on'),
	(95,1,6,96,'Sim',NULL,'on'),
	(96,1,6,97,'Sim',NULL,'on'),
	(97,1,6,98,'Sim',NULL,'on'),
	(98,1,6,99,'Sim',NULL,'on'),
	(99,1,7,100,'Sim',NULL,'on'),
	(100,1,7,101,'Sim',NULL,'on'),
	(101,1,7,102,'Sim',NULL,'on'),
	(102,1,7,103,'Sim',NULL,'on'),
	(103,1,7,104,'Sim',NULL,'on'),
	(104,1,8,105,'Sim',NULL,'on'),
	(105,1,8,106,'Sim',NULL,'on'),
	(106,1,8,107,'Sim',NULL,'on'),
	(107,1,8,108,'Sim',NULL,'on'),
	(108,1,8,109,'Sim',NULL,'on'),
	(109,1,8,110,'Não',NULL,'on'),
	(110,1,8,111,'Sim',NULL,'on'),
	(111,1,8,112,'Não',NULL,'on'),
	(112,1,8,113,'Sim',NULL,'on'),
	(113,1,9,114,'Sim',NULL,'on'),
	(114,1,9,115,'Sim',NULL,'on'),
	(115,1,9,116,'Sim',NULL,'on'),
	(116,1,9,117,'Sim',NULL,'on'),
	(117,1,10,118,'Sim',NULL,'on'),
	(118,1,10,119,'Sim',NULL,'on'),
	(119,1,10,120,'Sim',NULL,'on'),
	(120,1,10,121,'Sim',NULL,'on'),
	(121,1,11,122,'Não',NULL,'on'),
	(122,1,11,123,'Não',NULL,'on'),
	(123,1,11,124,'Não',NULL,'on'),
	(124,1,12,125,'Sim',NULL,'on'),
	(125,1,12,126,'Não',NULL,'on'),
	(126,1,12,127,'Não',NULL,'on'),
	(127,1,12,128,'Sim',NULL,'on'),
	(128,1,12,129,'Não',NULL,'on'),
	(129,1,12,130,'Não',NULL,'on'),
	(130,1,13,131,'Não',NULL,'on'),
	(131,1,13,132,'Não aplicável',NULL,'on'),
	(132,1,13,133,'Não aplicável',NULL,'on'),
	(133,1,13,134,'Sim',NULL,'on'),
	(134,1,13,135,'Não',NULL,'on'),
	(135,1,13,136,'Sim',NULL,'on'),
	(136,1,13,137,'Sim',NULL,'on'),
	(137,1,14,138,'Sim',NULL,'on'),
	(138,1,14,139,'Sim',NULL,'on'),
	(139,1,14,140,'Sim',NULL,'on'),
	(140,1,14,141,'Sim',NULL,'on'),
	(141,1,14,142,'Não',NULL,'on'),
	(142,1,14,143,'Sim',NULL,'on'),
	(143,1,14,144,'Não',NULL,'on'),
	(144,1,14,145,'Não aplicável',NULL,'on'),
	(145,1,14,146,'Não',NULL,'on'),
	(146,1,15,147,'Sim',NULL,'on'),
	(147,1,15,148,'Sim',NULL,'on'),
	(148,1,15,149,'Não',NULL,'on'),
	(149,1,15,150,'Não',NULL,'on'),
	(150,1,15,151,'Sim',NULL,'on'),
	(151,1,16,152,'Sim',NULL,'on'),
	(152,1,16,153,'Sim',NULL,'on'),
	(153,1,16,154,'Sim',NULL,'on'),
	(154,1,16,155,'Sim',NULL,'on'),
	(155,1,16,156,'Sim',NULL,'on'),
	(156,1,16,157,'Sim',NULL,'on'),
	(157,1,16,158,'Sim',NULL,'on'),
	(158,1,16,159,'Sim',NULL,'on'),
	(159,1,16,160,'Não',NULL,'on'),
	(160,1,16,161,'Sim',NULL,'on'),
	(161,1,16,162,'Sim',NULL,'on'),
	(162,1,17,163,'Sim',NULL,'on'),
	(163,1,17,164,'Sim',NULL,'on'),
	(164,1,17,165,'Sim',NULL,'on'),
	(165,1,17,168,'Sim',NULL,'on'),
	(166,1,17,168,'Sim',NULL,'on'),
	(167,1,17,169,'Sim',NULL,'on'),
	(168,1,17,170,'Sim',NULL,'on'),
	(169,1,17,171,'Sim',NULL,'on'),
	(170,1,17,172,'Sim',NULL,'on'),
	(171,1,17,173,'Sim',NULL,'on'),
	(172,1,17,174,'Sim',NULL,'on'),
	(173,1,17,175,'Não aplicável',NULL,'on'),
	(174,1,18,176,'Sim',NULL,'on'),
	(175,1,18,177,'Sim',NULL,'on'),
	(176,1,18,178,'Não',NULL,'on'),
	(177,1,18,179,'Não',NULL,'on'),
	(178,1,18,180,'Sim',NULL,'on'),
	(179,1,18,181,'Sim',NULL,'on'),
	(180,1,18,182,'Não',NULL,'on'),
	(181,1,18,183,'Não aplicável',NULL,'on'),
	(182,1,18,184,'Não aplicável',NULL,'on'),
	(183,1,18,185,'Não aplicável',NULL,'on'),
	(184,1,18,186,'Sim',NULL,'on'),
	(185,1,18,187,'Não aplicável',NULL,'on'),
	(186,1,18,188,'Sim',NULL,'on'),
	(187,1,18,189,'Sim',NULL,'on'),
	(188,1,18,190,'Sim',NULL,'on'),
	(189,1,18,191,'Sim',NULL,'on'),
	(190,1,18,192,'Sim',NULL,'on'),
	(191,1,18,193,'Sim',NULL,'on'),
	(192,1,18,194,'Sim',NULL,'on'),
	(193,1,18,195,'Sim',NULL,'on'),
	(194,1,18,196,'Sim',NULL,'on'),
	(195,2,1,1,'Sim',NULL,'on'),
	(196,2,1,2,'Sim',NULL,'on'),
	(197,2,1,3,'Sim',NULL,'on'),
	(198,2,1,4,'Sim',NULL,'on'),
	(199,2,1,5,'Não',NULL,'on'),
	(200,2,1,6,'Não',NULL,'on'),
	(201,2,1,7,'Sim',NULL,'on'),
	(202,2,1,8,'Sim',NULL,'on'),
	(203,2,1,9,'Não aplicável',NULL,'on'),
	(204,2,1,10,'Não',NULL,'on'),
	(205,2,1,11,'Sim',NULL,'on'),
	(206,2,1,12,'Não',NULL,'on'),
	(207,2,1,13,'Sim',NULL,'on'),
	(208,2,1,14,'Não',NULL,'on'),
	(209,2,1,15,'Não',NULL,'on'),
	(210,2,1,16,'Não',NULL,'on'),
	(211,2,1,17,'Sim',NULL,'on'),
	(212,2,2,18,'Sim',NULL,'on'),
	(213,2,2,19,'Sim',NULL,'on'),
	(214,2,2,20,'Sim',NULL,'on'),
	(215,2,2,21,'Não',NULL,'on'),
	(216,2,2,22,'Sim',NULL,'on'),
	(217,2,2,23,'Sim',NULL,'on'),
	(218,2,2,24,'Sim',NULL,'on'),
	(219,2,2,25,'Sim',NULL,'on'),
	(220,2,2,25,'Não',NULL,'on'),
	(221,2,2,27,'Sim',NULL,'on'),
	(222,2,2,28,'Não aplicável',NULL,'on'),
	(223,2,3,29,'Sim',NULL,'on'),
	(224,2,3,30,'Sim',NULL,'on'),
	(225,2,3,31,'Sim',NULL,'on'),
	(226,2,3,32,'Sim',NULL,'on'),
	(227,2,3,33,'Sim',NULL,'on'),
	(228,2,3,34,'Sim',NULL,'on'),
	(229,2,3,35,'Não',NULL,'on'),
	(230,2,3,36,'Sim',NULL,'on'),
	(231,2,3,37,'Não aplicável',NULL,'on'),
	(232,2,3,38,'Sim',NULL,'on'),
	(233,2,3,39,'Sim',NULL,'on'),
	(234,2,3,40,'Não',NULL,'on'),
	(235,2,3,41,'Sim',NULL,'on'),
	(236,2,3,42,'Sim',NULL,'on'),
	(237,2,3,43,'Sim',NULL,'on'),
	(238,2,3,44,'Sim',NULL,'on'),
	(239,2,3,45,'Não aplicável',NULL,'on'),
	(240,2,4,46,'Sim',NULL,'on'),
	(241,2,4,47,'Não',NULL,'on'),
	(242,2,4,48,'Não',NULL,'on'),
	(243,2,4,49,'Sim',NULL,'on'),
	(244,2,4,50,'Sim',NULL,'on'),
	(245,2,4,51,'Não',NULL,'on'),
	(246,2,4,52,'Sim',NULL,'on'),
	(247,2,4,53,'Sim',NULL,'on'),
	(248,2,4,54,'Não',NULL,'on'),
	(249,2,4,55,'Não',NULL,'on'),
	(250,2,4,56,'Não aplicável',NULL,'on'),
	(251,2,4,57,'Não',NULL,'on'),
	(252,2,5,58,'Sim',NULL,'on'),
	(253,2,5,59,'Sim',NULL,'on'),
	(254,2,5,60,'Não aplivável',NULL,'on'),
	(255,2,5,61,'Sim',NULL,'on'),
	(256,2,5,62,'Sim',NULL,'on'),
	(257,2,5,63,'Sim',NULL,'on'),
	(258,2,5,64,'Sim',NULL,'on'),
	(259,2,5,65,'Sim',NULL,'on'),
	(260,2,5,66,'Sim',NULL,'on'),
	(261,2,5,67,'Sim',NULL,'on'),
	(262,2,5,68,'Sim',NULL,'on'),
	(263,2,5,69,'Não',NULL,'on'),
	(264,2,5,70,'Sim',NULL,'on'),
	(265,2,5,71,'Sim',NULL,'on'),
	(266,2,5,72,'Sim',NULL,'on'),
	(267,2,5,73,'Sim',NULL,'on'),
	(268,2,5,74,'Não aplicável',NULL,'on'),
	(269,2,5,75,'Não aplicável',NULL,'on'),
	(270,2,5,76,'Sim',NULL,'on'),
	(271,2,5,78,'Sim',NULL,'on'),
	(272,2,5,79,'Sim',NULL,'on'),
	(273,2,5,80,'Não aplicável',NULL,'on'),
	(274,2,5,81,'Sim',NULL,'on'),
	(275,2,5,82,'Sim',NULL,'on'),
	(276,2,5,83,'Não aplicável',NULL,'on'),
	(277,2,5,84,'Não aplicável',NULL,'on'),
	(278,2,5,85,'Sim',NULL,'on'),
	(279,2,6,86,'Não aplicável',NULL,'on'),
	(280,2,6,87,'Sim',NULL,'on'),
	(281,2,6,88,'Sim',NULL,'on'),
	(282,2,6,89,'Sim',NULL,'on'),
	(283,2,6,90,'Sim',NULL,'on'),
	(284,2,6,91,'Sim',NULL,'on'),
	(285,2,6,92,'Não aplicável',NULL,'on'),
	(286,2,6,93,'Sim',NULL,'on'),
	(287,2,6,94,'Não aplicável',NULL,'on'),
	(288,2,6,95,'Sim',NULL,'on'),
	(289,2,6,96,'Não',NULL,'on'),
	(290,2,6,97,'Sim',NULL,'on'),
	(291,2,6,98,'Sim',NULL,'on'),
	(292,2,6,99,'Não aplicável',NULL,'on'),
	(293,2,7,100,'Sim',NULL,'on'),
	(294,2,7,101,'Sim',NULL,'on'),
	(295,2,7,102,'Sim',NULL,'on'),
	(296,2,7,103,'Sim',NULL,'on'),
	(297,2,7,104,'Sim',NULL,'on'),
	(298,2,8,105,'Sim',NULL,'on'),
	(299,2,8,106,'Sim',NULL,'on'),
	(300,2,8,107,'Não aplicável',NULL,'on'),
	(301,2,8,108,'Sim',NULL,'on'),
	(302,2,8,109,'Sim',NULL,'on'),
	(303,2,8,110,'Sim',NULL,'on'),
	(304,2,8,111,'Não aplicável',NULL,'on'),
	(305,2,8,112,'Sim',NULL,'on'),
	(306,2,8,113,'Sim',NULL,'on'),
	(307,2,9,114,'Sim',NULL,'on'),
	(308,2,9,115,'Não',NULL,'on'),
	(309,2,9,116,'Sim',NULL,'on'),
	(310,2,9,117,'Sim',NULL,'on'),
	(311,2,10,118,'Sim',NULL,'on'),
	(312,2,10,119,'Sim',NULL,'on'),
	(313,2,10,120,'Sim',NULL,'on'),
	(314,2,10,121,'Não',NULL,'on'),
	(315,2,11,122,'Não',NULL,'on'),
	(316,2,11,123,'Não',NULL,'on'),
	(317,2,11,124,'Não',NULL,'on'),
	(318,2,12,125,'Não',NULL,'on'),
	(319,2,12,126,'Não',NULL,'on'),
	(320,2,12,127,'Sim',NULL,'on'),
	(321,2,12,128,'Sim',NULL,'on'),
	(322,2,12,129,'Não aplicável',NULL,'on'),
	(323,2,12,130,'Sim',NULL,'on'),
	(324,2,13,131,'Sim',NULL,'on'),
	(325,2,13,132,'Não aplicável',NULL,'on'),
	(326,2,13,133,'Não',NULL,'on'),
	(327,2,13,134,'Não',NULL,'on'),
	(328,2,13,135,'Não',NULL,'on'),
	(329,2,13,136,'Não aplicável',NULL,'on'),
	(330,2,13,137,'Sim',NULL,'on'),
	(331,2,14,138,'Sim',NULL,'on'),
	(332,2,14,139,'Sim',NULL,'on'),
	(333,2,14,140,'Sim',NULL,'on'),
	(334,2,14,141,'Sim',NULL,'on'),
	(335,2,14,142,'Não',NULL,'on'),
	(336,2,14,143,'Sim',NULL,'on'),
	(337,2,14,144,'Sim',NULL,'on'),
	(338,2,14,145,'Sim',NULL,'on'),
	(339,2,14,146,'Não',NULL,'on'),
	(340,2,15,147,'Não',NULL,'on'),
	(341,2,15,148,'Não',NULL,'on'),
	(342,2,15,149,'Não',NULL,'on'),
	(343,2,15,150,'Sim',NULL,'on'),
	(344,2,15,151,'Sim',NULL,'on'),
	(345,2,16,152,'Sim',NULL,'on'),
	(346,2,16,153,'Sim',NULL,'on'),
	(347,2,16,154,'Sim',NULL,'on'),
	(348,2,16,155,'Sim',NULL,'on'),
	(349,2,16,156,'Sim',NULL,'on'),
	(350,2,16,157,'Não aplicável',NULL,'on'),
	(351,2,16,158,'Sim',NULL,'on'),
	(352,2,16,159,'Sim',NULL,'on'),
	(353,2,16,160,'Não',NULL,'on'),
	(354,2,16,161,'Não aplicável',NULL,'on'),
	(355,2,16,162,'Não aplicável',NULL,'on'),
	(356,2,17,163,'Sim',NULL,'on'),
	(357,2,17,164,'Sim',NULL,'on'),
	(358,2,17,165,'Sim',NULL,'on'),
	(359,2,17,168,'Sim',NULL,'on'),
	(360,2,17,168,'Sim',NULL,'on'),
	(361,2,17,169,'Sim',NULL,'on'),
	(362,2,17,170,'Sim',NULL,'on'),
	(363,2,17,171,'Sim',NULL,'on'),
	(364,2,17,172,'Sim',NULL,'on'),
	(365,2,17,173,'Sim',NULL,'on'),
	(366,2,17,174,'Sim',NULL,'on'),
	(367,2,17,175,'Sim',NULL,'on'),
	(368,2,18,176,'Sim',NULL,'on'),
	(369,2,18,177,'Sim',NULL,'on'),
	(370,2,18,178,'Não',NULL,'on'),
	(371,2,18,179,'Não aplicável',NULL,'on'),
	(372,2,18,180,'Não aplicável',NULL,'on'),
	(373,2,18,181,'Não aplicável',NULL,'on'),
	(374,2,18,182,'Não aplicável',NULL,'on'),
	(375,2,18,183,'Não aplicável',NULL,'on'),
	(376,2,18,184,'Não aplicável',NULL,'on'),
	(377,2,18,185,'Sim',NULL,'on'),
	(378,2,18,186,'Sim',NULL,'on'),
	(379,2,18,187,'Não aplicável',NULL,'on'),
	(380,2,18,188,'Sim',NULL,'on'),
	(381,2,18,189,'Sim',NULL,'on'),
	(382,2,18,190,'Não aplicável',NULL,'on'),
	(383,2,18,191,'Sim',NULL,'on'),
	(384,2,18,192,'Sim',NULL,'on'),
	(385,2,18,193,'Sim',NULL,'on'),
	(386,2,18,194,'Não aplicável',NULL,'on'),
	(387,2,18,195,'Sim',NULL,'on'),
	(388,2,18,196,'Sim',NULL,'on');

/*!40000 ALTER TABLE `resposta` ENABLE KEYS */;
UNLOCK TABLES;



/*!40111 SET SQL_NOTES=@OLD_SQL_NOTES */;
/*!40101 SET SQL_MODE=@OLD_SQL_MODE */;
/*!40014 SET FOREIGN_KEY_CHECKS=@OLD_FOREIGN_KEY_CHECKS */;
/*!40101 SET CHARACTER_SET_CLIENT=@OLD_CHARACTER_SET_CLIENT */;
/*!40101 SET CHARACTER_SET_RESULTS=@OLD_CHARACTER_SET_RESULTS */;
/*!40101 SET COLLATION_CONNECTION=@OLD_COLLATION_CONNECTION */;
